operacao,custo,total,media
1,15,15,15.0
2,16,31,15.5
3,15,46,15.333333333333334
4,15,61,15.25
5,15,76,15.2
6,2,78,13.0
7,16,94,13.428571428571429
8,15,109,13.625
9,17,126,14.0
10,2,128,12.8
11,2,130,11.818181818181818
